Company,Location,Job Function,Date of Submission,Hiring Interns,Year Founded,Size Range,Current Employee Estimate
1010Data,"New York, Virginia, Tennessee, Georgia, California, Remote","Business/Strategy,Software Engineer,Sales,Customer Service,Product Manager,Finance/Accounting",4/10/20 0:27,No,2000,201 - 500,171
1Password,US,Software Engineer,4/10/20 0:25,Yes,2005,Nov-50,23
3Degrees,California,Legal,4/8/20 3:32,No,2007,10-Jan,1
Accenture,California,Consulting,4/8/20 0:57,Yes,1989,10001+,190689
Accuro Group,California,Operation,4/17/20 18:51,No,2003,Nov-50,20
"Aclima, Inc.",California,"Software Engineer,Hardware Engineer",4/8/20 2:49,No,2010,Nov-50,22
Acronym,New York,"Software Engineer,Designer,Marketing,Finance/Accounting",4/23/20 19:20,No,1995,51 - 200,90
Activision,Minnesota,Operation,4/16/20 5:02,No,1991,1001 - 5000,1141
Adams & Martin Group,California,Operation,4/16/20 5:23,No,1994,51 - 200,56
Addepar,New York,Software Engineer,4/21/20 11:10,No,2009,201 - 500,213
Aditi Consulting,California,Operation,4/16/20 5:20,No,1994,201 - 500,183
Adobe,California,Business/Strategy,4/16/20 5:07,Yes,1982,10001+,14176
Advanced Clinical,Ohio,HR,4/17/20 18:51,No,1994,201 - 500,218
Aera Technology,California,Legal,4/8/20 3:26,No,2005,201 - 500,102
Afresh Technologies,California,"Software Engineer,Operations,Marketing,Sales,Product Manager",4/23/20 19:20,No,2009,Nov-50,8
Ahead,California,"Software Engineer,Designer,Operations",4/23/20 19:20,No,2007,201 - 500,223
Airtable,San Francisco,"HR,Data Science,Customer Service,Designer,Finance/Accounting,IT,Product Designer,Product Manager,Sales,Software Engineer",4/24/20 14:24,No,2012,51 - 200,45
Airwallex,California,"Software Engineer,Product Manager,Sales,Other",4/8/20 2:55,No,2015,51 - 200,49
Airwave,California,Customer Service,4/17/20 18:51,No,2001,501 - 1000,262
Ajilon,California,HR,4/17/20 18:51,No,1994,1001 - 5000,1381
Albert,California,"Software Engineer,Customer Service,Legal,HR,Product Manager",4/10/20 0:41,No,2015,51 - 200,37
Alert Innovation,"Boston, Remote","Software Engineer,Hardware Engineer",4/13/20 20:39,No,2016,51 - 200,36
Allcall,New York,Software Engineer,4/23/20 19:20,No,2009,10-Jan,1
Allergan,California,Operation,4/17/20 18:51,No,1948,10001+,9852
Almanac,California,"Software Engineer,Product Designer,Sales,Marketing,Designer",4/8/20 2:57,No,2009,Nov-50,12
Alto Pharmacy,California,"Software Engineer,Operations,Marketing,Sales,Product Manager,Finance/Accounting",4/23/20 19:20,No,2015,51 - 200,65
Amazon,Washington ,"Software Engineer,Product Manager,Operations,IT,Other",4/9/20 13:32,Yes,1994,10001+,93247
Amazon Web Services,Washington,Software Engineer,4/22/20 16:26,No,2006,10001+,16751
Ambition,Maryland,Data Science,4/16/20 5:01,No,1999,201 - 500,245
American Family Insurance,Remote,"Software Engineer,Data Science,IT,Other,Sales",4/13/20 9:01,No,1927,10001+,10465
Amino,California,Software Engineer,4/23/20 19:20,No,2013,51 - 200,26
Amplitude,California,"Designer,Marketing",4/7/20 21:28,No,2012,51 - 200,27
"Anaconda, Inc.",California,Operation,4/17/20 18:51,No,2012,51 - 200,64
Analytic Partners,New York,IT,4/22/20 15:21,No,2000,201 - 500,131
Anchorage,California,Legal,4/17/20 18:51,No,2017,10-Jan,2
Andela,New York,Software Engineer,4/16/20 4:58,No,2014,1001 - 5000,689
Anheuser-Busch,California,HR,4/17/20 18:51,No,1852,5001 - 10000,3493
Animoto,New York,"Designer,Marketing,Product Manager",4/23/20 19:20,No,2006,51 - 200,69
"Anthem, Inc.",California,Data Science,4/17/20 18:51,No,2004,10001+,13715
Antler,Singapore,"Software Engineer,Hardware Engineer,Designer,Operations,Marketing,Data Science,Product Manager",4/23/20 19:20,No,1914,51 - 200,79
Apex Systems,California,Marketing,4/17/20 10:00,No,1995,5001 - 10000,3462
Apiture,"North Carolina, Texas","Customer Service,Software Engineer,Product Manager",4/23/20 16:59,No,2000,51 - 200,54
Appdynamics,California,Software Engineer,4/24/20 3:45,No,2008,1001 - 5000,1005
Appfire,Georgia,Marketing,4/17/20 10:00,No,2004,51 - 200,32
Appian Corporation,California,Operation,4/17/20 18:51,No,1999,1001 - 5000,636
Apple,California,"Hardware Engineer,Data Science,Sales,HR",4/7/20 21:30,Yes,1976,10001+,90095
Applico,New York,"Customer Service,Sales",4/24/20 16:18,No,2009,Nov-50,12
Applied Intuition,California,Sales,4/7/20 21:30,No,2017,10-Jan,1
Applied Resource Group,Georgia,Customer Service,4/17/20 18:51,No,2010,51 - 200,27
Apptio,"Morrisville, NC",Consulting,4/22/20 15:25,No,2007,1001 - 5000,540
Arcadia,Maryland,"Software Engineer,Designer,Operations,Marketing",4/23/20 19:20,No,1993,1001 - 5000,374
Arctic Wolf Networks,Minnesota,Customer Service,4/17/20 10:01,No,2012,201 - 500,119
"Ardelyx, Inc.",California,Operation,4/17/20 18:51,No,2007,51 - 200,56
Armis,California,"Software Engineer,Marketing,Sales,Data Science",4/23/20 19:20,No,2005,51 - 200,52
Asana,"New York, California","Software Engineer,Product Designer,Product Manager,IT,Legal,Operations,HR,Marketing,Business/Strategy,Customer Service,Sales,Other,Designer,Data Science,Finance/Accounting",4/9/20 12:29,No,2009,201 - 500,244
Asurion,Phillipines,Software Engineer,4/8/20 0:05,No,1994,5001 - 10000,4995
Atlassian,"Texas, Massachusetts, New York, Washington D.C., California","Data Science,Software Engineer,Product Designer,Designer,HR,Marketing",4/10/20 0:45,Yes,2002,1001 - 5000,1607
Attivo Partners,California,"Operations,Finance/Accounting",4/23/20 19:20,No,2017,Nov-50,7
Audentes Therapeutics,California,Legal,4/8/20 3:37,No,2013,201 - 500,102
Audible,"New Jersey, Massachusetts","IT,Customer Service,Product Manager,Designer,Marketing,Finance/Accounting,HR,Product Designer",4/8/20 17:56,Yes,1995,10-Jan,4
Autodesk,San Francisco,Software Engineer,4/19/20 13:17,Yes,1982,10001+,7020
Axios,Remote,Software Engineer,4/7/20 19:41,No,2016,201 - 500,107
Axon,"Arizona, Washington ","HR,Product Designer,Product Manager,Sales,Software Engineer,Data Science,Finance/Accounting",4/8/20 7:34,No,1993,501 - 1000,456
Back,Germany,"Software Engineer,Marketing",4/23/20 19:20,No,2008,10-Jan,2
Back Market,California,HR,4/17/20 18:51,No,2014,51 - 200,51
Baker Hughes,North Carolina,Customer Service,4/17/20 18:51,No,1907,10001+,29481
Barclays,Virginia,"Operation,Finance/Accounting",4/16/20 5:22,Yes,1986,10001+,36200
Barings,North Carolina,Finance/Accounting,4/9/20 23:10,No,1989,1001 - 5000,867
Beacon Hill Staffing Group,New York,HR,4/17/20 18:51,No,2000,1001 - 5000,831
Because,California,Product Manager,4/17/20 18:51,No,2016,51 - 200,22
Belden Inc.,California,HR,4/17/20 18:51,No,1902,1001 - 5000,1232
Benchling,California,"Software Engineer,Designer,Operations,Marketing,Sales,Finance/Accounting,Product Manager",4/23/20 19:20,No,2012,51 - 200,32
Better Mortgage,New York,"Software Engineer,Designer,Operations,Marketing,Sales,Customer Service,Finance/Accounting,Data Science,Product Manager",4/23/20 19:20,No,2014,201 - 500,111
Beyond Meat,California,Legal,4/8/20 3:21,No,2009,51 - 200,86
Bidalgo,California,Customer Service,4/17/20 18:51,No,2010,51 - 200,66
"Big Data Federation, Inc.",California,"Software Engineer,Operations",4/23/20 19:20,No,2015,Nov-50,6
Blackstone,New York,"Data Science,Software Engineer",4/8/20 3:09,Yes,1985,51 - 200,59
Blend,"California, New York","Customer Service,Designer,Finance/Accounting,IT,Marketing,Legal,Operations,Product Designer,Software Engineer,Sales",4/22/20 0:30,Yes,2012,201 - 500,178
Bloomberg,New York,Software Engineer,4/27/20 18:51,Yes,1981,1001 - 5000,560
Bloomscape,Michigan,"Product Manager,Operations,Customer Service",4/14/20 14:53,No,2017,10-Jan,3
Blue Apron,California,HR,4/17/20 18:51,No,2012,1001 - 5000,636
Blue Chip Talent,New York,HR,4/17/20 18:51,No,1994,51 - 200,40
Blue Origin,"Washington, Florida, California","Software Engineer,Product Designer,Legal,Other,Data Science",4/8/20 6:19,No,2011,1001 - 5000,780
Boingo Wireless,"California, Ohio","Software Engineer,Product Manager,Finance/Accounting,Marketing,Operations",4/8/20 3:18,No,2001,501 - 1000,296
Bolt,New York,Software Engineer,4/24/20 16:18,No,2013,51 - 200,40
Bond,California,"Software Engineer,Designer,Operations,Marketing,Customer Service,Finance/Accounting,Product Manager,Legal",4/23/20 19:20,No,2006,51 - 200,25
Booz Allen Hamilton,Massachusetts,"Consulting,Software Engineer,Hardware Engineer",4/12/20 19:59,No,1914,10001+,18838
Bowery Farming,New York,Software Engineer,4/16/20 4:58,No,2015,51 - 200,30
Boxbot,California,"Software Engineer,Operations,Marketing",4/23/20 19:20,No,2016,10-Jan,2
Braze,New York,"Software Engineer,Designer,Marketing,Sales,Customer Service,Data Science,Product Manager",4/23/20 19:20,Yes,2011,10-Jan,1
Brex,"California, New York","Software Engineer,Data Science,Product Designer",4/8/20 3:20,No,2017,Nov-50,16
Bright Cellars,Wisconsin,"Software Engineer,Designer,Operations,Finance/Accounting",4/23/20 19:20,No,2014,51 - 200,34
Brightside,California,Product Manager,4/16/20 6:16,No,2003,51 - 200,48
Brightwing,Michigan,Software Engineer,4/22/20 16:10,No,1973,201 - 500,138
Brilliant,California,"Software Engineer,Data Science,Product Designer,Product Manager",4/8/20 3:22,No,2015,Nov-50,10
Broadridge,New Jersey,Software Engineer,4/24/20 16:18,No,1962,5001 - 10000,4533
Bryter,Remote,"Software Engineer,Legal,Product Designer,Business/Strategy,Sales,Marketing",4/10/20 1:00,No,2010,Nov-50,6
Bubble,New York,Business/Strategy,4/9/20 21:16,No,2012,51 - 200,30
Bubbles,California,"Software Engineer,Designer,Marketing",4/23/20 19:20,No,2011,10-Jan,1
Bynder,Netherlands,"Software Engineer,Designer,Operations,Marketing,Sales,Customer Service,Product Manager,Finance/Accounting",4/23/20 19:20,No,2010,501 - 1000,197
C&S Wholesale Grocers,Texas,Operation,4/17/20 18:51,No,1918,5001 - 10000,2544
C.H. Robinson,California,Product Manager,4/17/20 18:51,No,1905,10001+,8301
Calix,California,HR,4/17/20 18:51,No,1999,1001 - 5000,548
Calm,California,Legal,4/8/20 3:37,No,2010,Nov-50,22
Camp,New York,Operation,4/16/20 17:48,No,2011,51 - 200,21
Canepa,Deleware,Operation,4/17/20 18:51,No,1980,Nov-50,18
Capgemini,South Carolina ,"Consulting,Software Engineer,Business/Strategy",4/8/20 17:40,No,1967,10001+,84179
Capital One,"California, Virginia, Texas",Software Engineer,4/8/20 3:23,Yes,1994,10001+,27522
Capsule,New York,"HR,Operations,Product Designer,Product Manager,Software Engineer,Customer Service,Business/Strategy,Finance/Accounting,Marketing,Other",4/16/20 4:58,No,2016,51 - 200,54
Carbon,California,Software Engineer,4/7/20 21:32,No,2013,201 - 500,196
Career Group,New York,Operation,4/16/20 5:20,No,1981,201 - 500,92
Carlisle Interconnect Technologies,Oregon,Data Science,4/17/20 18:51,No,1940,1001 - 5000,618
Carta,California,"Software Engineer,Product Manager",4/23/20 19:20,No,2012,201 - 500,250
Carvana,Arizona,HR,4/17/20 18:51,Yes,2012,1001 - 5000,645
Carver Edison,New York,Software Engineer,4/16/20 4:58,No,2016,10-Jan,2
Cascade,"California, Remote","Product Designer,Software Engineer",4/8/20 22:58,No,2009,10-Jan,0
Catalyst,New York,"Software Engineer,Designer,Marketing,Sales,Customer Service",4/23/20 19:20,No,1990,51 - 200,95
Catchafire,Nevada,Operation,4/17/20 18:51,No,2009,51 - 200,49
Cella,Virginia,Software Engineer,4/22/20 15:56,No,2014,10-Jan,0
Celonis,US,"Marketing,Product Designer,Software Engineer,Sales",4/16/20 1:55,No,2011,501 - 1000,192
Century Group,Massachusetts,HR,4/17/20 18:51,No,1989,201 - 500,114
Cesium,Pennsylvania,"Software Engineer,Designer,Product Manager",4/23/20 19:20,No,1995,Nov-50,8
Chan Zuckerberg Initiative,California,"Product Manager,Data Science,Finance/Accounting,HR,Product Designer,Software Engineer",4/8/20 3:26,No,2015,201 - 500,173
Channel Impact,California,Marketing,4/17/20 18:51,No,2005,Nov-50,23
Channel Op,Utah,"Sales,Finance/Accounting",4/8/20 3:26,No,2015,10-Jan,5
Chase,Illinois,Operation,4/16/20 5:43,No,2004,10001+,11470
Chegg Inc.,New York,Business/Strategy,4/16/20 5:13,No,2007,1001 - 5000,1131
Cherre,New York,Sales,4/24/20 16:18,No,2016,10-Jan,5
Chevron Federal Credit Union,Oregon,Data Science,4/16/20 6:28,No,1935,201 - 500,132
Chewy,"Floria, Massachusetts","Finance/Accounting,Software Engineer,Product Manager",4/8/20 0:21,Yes,2011,1001 - 5000,935
Chime,California,"Designer,Data Science,IT,Marketing,Product Designer,Product Manager,Software Engineer",4/29/20 1:21,No,1992,51 - 200,63
Chippin,New York,"Designer,Operations,Marketing,Sales,Finance/Accounting,Data Science",4/23/20 19:20,No,2016,10-Jan,2
Choco,Germany,"Designer,Marketing,Sales",4/23/20 19:20,No,2001,51 - 200,51
Chronosphere,New York,"Software Engineer,Designer",4/23/20 19:20,No,2019,10-Jan,1
Cigna,California,Operation,4/17/20 18:51,Yes,1982,10001+,14932
Cisco,California,Software Engineer,4/11/20 11:58,Yes,1984,10001+,61803
Citadel,Illinois,Software Engineer,4/8/20 0:19,Yes,1979,51 - 200,66
Citigroup,New York,"Consulting,Software Engineer",4/12/20 16:23,No,1998,1001 - 5000,587
Clearlink,Utah,Marketing,4/22/20 18:33,No,2003,1001 - 5000,647
Clever,"California, North Carolina","Software Engineer,Product Manager,Data Science,Operations,Customer Service,Sales,Marketing",4/8/20 3:31,No,2009,51 - 200,42
Clevertech,New York,Software Engineer,4/24/20 16:18,No,2000,51 - 200,54
Clinical Management Consultants,Ohio,HR,4/17/20 18:51,No,2008,51 - 200,31
Clockwise,California,"Designer,Marketing",4/23/20 19:20,No,2016,Nov-50,7
Cloudreach,"New York, Illinois, Georgia, Texas, Virginia","Product Manager,Software Engineer",4/16/20 2:28,No,2009,501 - 1000,431
Coast Dental,Indiana,Operation,4/17/20 18:51,No,1992,501 - 1000,306
Coda Search,Washington,Operation,4/17/20 18:51,No,2011,Nov-50,17
Codecademy,New York,"Software Engineer,Designer,Operations,Marketing,Sales,Customer Service,Finance/Accounting,Data Science,Product Manager",4/23/20 19:20,No,2011,201 - 500,137
Codegram,Barcelona,Software Engineer,4/16/20 3:01,No,2009,Nov-50,6
Codi,California,Product Designer,4/8/20 3:38,No,2010,10-Jan,3
Coffey Communications,Washington,Marketing,4/17/20 18:51,No,1975,51 - 200,48
Coinbase,"California, New York","Software Engineer,Product Designer,Designer,Data Science,Business/Strategy,Product Manager,Finance/Accounting,HR,Sales,Operations",4/16/20 8:49,Yes,2012,501 - 1000,315
Collective Health,California,"Customer Service,Product Manager,Software Engineer,Product Designer,Sales",4/16/20 3:48,No,2013,501 - 1000,274
Commvault,Indi,"Customer Service,Operations",4/15/20 8:14,No,1996,1001 - 5000,1867
Compete To Create,Washington,Software Engineer,4/23/20 19:20,No,2015,10-Jan,5
Compound,California,Finance/Accounting,4/17/20 18:51,No,2016,Nov-50,8
"Comscore, Inc.",Virginia,Product Manager,4/17/20 18:51,No,1999,1001 - 5000,1099
Confidential Company,New York,Operation,4/17/20 18:51,No,2018,501 - 1000,462
Confluent,California,Product Manager,4/17/20 18:51,No,2014,201 - 500,172
Contentsquare,New York,Customer Service,4/24/20 16:18,No,2012,501 - 1000,198
Corporate Brokers,California,HR,4/17/20 18:51,No,2003,51 - 200,98
Coupang,"California, Washington","Data Science,Software Engineer",4/8/20 17:24,No,2010,1001 - 5000,773
Course Hero,California,"Software Engineer,Designer,Operations,Marketing,Data Science,Product Manager",4/23/20 19:20,No,2006,201 - 500,134
Coursera,California,"Software Engineer,HR,Sales,Finance/Accounting",4/8/20 1:18,No,2012,1001 - 5000,585
Credit Sesame,California,Software Engineer,4/7/20 21:32,No,2010,51 - 200,52
Credit Suisse,US,Finance/Accounting,4/8/20 2:39,Yes,1856,10001+,31429
Crunchbase,California,Software Engineer,4/23/20 19:20,No,2007,51 - 200,56
Crystal Equation Corporation,California,Marketing,4/17/20 18:51,No,2006,51 - 200,78
Curai,California,Operations,4/23/20 19:20,No,2017,Nov-50,16
Curated,California,"Software Engineer,Operations,Marketing,Finance/Accounting",4/23/20 19:20,No,2014,10-Jan,1
Cushion,New York,Software Engineer,4/16/20 22:45,No,2017,Nov-50,6
Daily Harvest,New York,"Software Engineer,Data Science",4/8/20 3:45,No,2014,51 - 200,47
Darigold,Texas,Operation,4/17/20 18:51,No,1918,501 - 1000,419
Dashlane,New York,Finance/Accounting,4/24/20 16:18,No,2009,51 - 200,94
Data Dog,New York,Software Engineer,4/17/20 9:55,No,2012,51 - 200,28
Databricks,California,"Software Engineer,Data Science",4/22/20 17:51,Yes,2013,201 - 500,247
Datadog,"New York, Massachusetts, Colorado","Software Engineer,Other,Product Manager,Data Science,Sales,Marketing",4/8/20 3:49,No,2010,501 - 1000,479
Datameer,Georgia,Operation,4/16/20 18:46,No,2009,51 - 200,91
Definitive Logic,Texas,Operation,4/17/20 18:51,No,1999,51 - 200,75
Degreed,Utah,"Software Engineer,Data Science,HR,Sales,Marketing",4/8/20 3:50,No,2012,201 - 500,160
Delfos,US,"IT,Software Engineer,Other",4/14/20 13:51,No,2016,51 - 200,17
Deliverr,California,"Software Engineer,Operations,Marketing,Sales",4/23/20 19:20,No,2017,Nov-50,4
Descript,California,HR,4/17/20 18:51,No,2017,10-Jan,3
Deutsche Bank,US,Finance/Accounting,4/8/20 2:40,Yes,1870,10001+,37595
Diffbot,California,"Software Engineer,Marketing,Sales",4/23/20 19:20,No,2011,Nov-50,16
Digit,California,Customer Service,4/17/20 18:51,No,1996,51 - 200,40
Dignity Health,California,Operation,4/17/20 18:51,No,1986,10001+,7715
Discord,California,"Software Engineer,Operations,Finance/Accounting,Data Science,Product Manager",4/23/20 19:20,No,2015,51 - 200,72
Docusign,California,"Marketing,Product Manager",4/7/20 22:57,No,2003,1001 - 5000,1747
Dolby Laboratories,California,Legal,4/16/20 6:20,No,1965,1001 - 5000,1394
Domino Data Lab,"San Francisco, CA","Software Engineer,Marketing",4/8/20 0:09,No,2013,51 - 200,72
Dover,"San Francisco, CA",Software Engineer,4/8/20 4:32,No,2019,Nov-50,6
Doximity,California,Product Manager,4/17/20 18:51,No,2011,501 - 1000,268
Dropbox,New York,Software Engineer,4/24/20 16:18,Yes,2007,1001 - 5000,1600
Dropit Shopping,California,Customer Service,4/17/20 18:51,No,2014,Nov-50,12
Duolingo,"Pennsylvania, Washington, New York","Software Engineer,Data Science,Product Designer,Marketing,Other,Finance/Accounting",4/8/20 4:38,No,2011,201 - 500,146
Earnest,California,"Software Engineer,Product Designer,Data Science,Marketing,HR,Business/Strategy,Product Manager",4/8/20 4:49,No,2009,51 - 200,35
Eaze,California,"Software Engineer,Data Science",4/8/20 4:41,No,2013,201 - 500,110
Edenworks,New York,Software Engineer,4/17/20 18:51,No,2013,Nov-50,15
Ejento,New York,HR,4/17/20 18:51,No,2018,Nov-50,16
Elan Partners,California,Data Science,4/17/20 18:51,No,2007,Nov-50,9
Elastic,New York,Software Engineer,4/24/20 16:18,No,2012,1001 - 5000,585
Eliassen Group,California,Data Science,4/17/20 18:51,No,1989,501 - 1000,409
"Elwood Staffing Services, Inc.",Pennsylvania,Operation,4/17/20 18:51,No,1980,1001 - 5000,934
Endless Events,Remote,"Designer,Operations,Marketing,Sales,Customer Service,Finance/Accounting,Product Manager",4/23/20 19:20,No,2011,10-Jan,1
Envera Health,Tennessee,Customer Service,4/17/20 18:51,No,2015,51 - 200,34
Epic Games,North Carolina,Designer,4/8/20 0:58,No,1991,1001 - 5000,626
Equinix,Missouri,Customer Service,4/16/20 6:27,Yes,1998,5001 - 10000,3179
"Estuate, Inc.",Florida,Customer Service,4/17/20 18:51,No,2005,201 - 500,173
Ethos,California,"Software Engineer,Data Science,Product Manager,Finance/Accounting",4/23/20 19:20,No,1973,201 - 500,103
Excella,Virginia,"Software Engineer,Product Designer",4/8/20 4:42,No,2005,10-Jan,4
Exelixis,California,Legal,4/16/20 5:19,No,1994,501 - 1000,358
Exelon,Texas,IT,4/17/20 9:56,No,2000,5001 - 10000,3941
Expanse,California,"Software Engineer,Product Manager",4/23/20 19:20,No,2012,Nov-50,13
Experis,Ohio,Operation,4/17/20 18:51,No,2011,1001 - 5000,2474
Exygy,California,Product Manager,4/7/20 22:21,No,2008,Nov-50,18
F.N.B. Corporation,California,Operation,4/17/20 18:51,No,1864,1001 - 5000,1375
Facebook,London ,"Data Science,Software Engineer",4/13/20 6:21,Yes,2004,10001+,36149
Factorial,Spain,"Software Engineer,Product Designer,HR",4/8/20 4:45,No,2016,Nov-50,4
Fama,California,Software Engineer,4/23/20 19:20,No,2009,51 - 200,56
Fetzer Vineyards,Indiana,Legal,4/16/20 5:20,No,1968,51 - 200,60
Figma,California,"Business/Strategy,Sales,Software Engineer,HR,Marketing,Designer,Product Designer",4/8/20 4:03,No,2012,51 - 200,42
Finix,New York,Software Engineer,4/17/20 9:55,No,2000,Nov-50,19
Fish & Richardson P.C.,New York,Legal,4/17/20 18:51,No,1878,1001 - 5000,917
Five9,California,Product Manager,4/17/20 18:51,No,2001,501 - 1000,499
Fivetran,Colorado,Marketing,4/17/20 10:00,No,2012,51 - 200,38
Flexport,California,Product Manager,4/17/20 18:51,Yes,2013,501 - 1000,500
Forager,Illinois,"Software Engineer,Operations,Marketing,Sales",4/23/20 19:20,No,2015,10-Jan,5
Forecast,Denmark,"Operations,Marketing,Sales,Customer Service,Legal",4/23/20 19:20,No,1990,Nov-50,13
Forethought,California,"Software Engineer,Operations,Marketing,Sales,Product Manager",4/23/20 19:20,No,2017,10-Jan,3
Forrester,Massachusetts,Marketing,4/17/20 18:51,No,1983,1001 - 5000,1205
Foursquare,New York,Product Manager,4/17/20 18:51,No,2009,201 - 500,220
Frame.Io,New York,Software Engineer,4/17/20 9:56,No,2014,51 - 200,53
Framework,California,"Software Engineer,Hardware Engineer,Operations",4/23/20 19:20,Yes,2004,51 - 200,42
Freedom Financial Network,California,Software Engineer,4/20/20 15:14,No,2002,501 - 1000,483
Freenome,California,"Software Engineer,Data Science,Product Manager",4/23/20 19:20,No,2014,51 - 200,44
Freshly,New York,Product Manager,4/17/20 10:01,No,2012,51 - 200,73
Front,California,Finance/Accounting,4/7/20 22:41,No,2013,51 - 200,63
Game Closure,California,"Software Engineer,Designer,Operations",4/23/20 19:20,No,2011,51 - 200,27
Gemini,New York,"Software Engineer,Marketing,Customer Service,Data Science,Product Manager",4/23/20 19:20,No,2014,51 - 200,38
Gensler,Wisconsin,Product Manager,4/17/20 18:51,No,1965,5001 - 10000,4743
Genuent,California,Operation,4/17/20 18:51,No,2007,51 - 200,99
Glenmark Pharmaceuticals,California,HR,4/17/20 18:51,No,1977,10001+,4117
Glitch,New York,"Marketing,Data Science",4/23/20 19:20,No,2010,10-Jan,5
"Global Channel Management, Inc.",California,HR,4/17/20 18:51,No,2009,10-Jan,2
Glowforge,"Washington, California","Software Engineer,Finance/Accounting,Sales,Marketing,Operations,Data Science",4/8/20 4:58,No,2014,51 - 200,49
Goldman Sachs,"California, New York",Software Engineer,4/8/20 4:58,Yes,1869,10001+,30470
Good Dog,New York,"Designer,Operations,Marketing,Product Manager",4/23/20 19:20,No,2006,10-Jan,0
Good Money,Remote,"Software Engineer,Marketing,Data Science",4/23/20 19:20,No,2018,10-Jan,3
Google,US,"Product Designer,Hardware Engineer,Software Engineer,Finance/Accounting,Data Science",4/7/20 22:41,Yes,1998,10001+,75109
Gotion Inc.,California,HR,4/17/20 18:51,No,2014,Nov-50,22
Grammarly,California,"Software Engineer,Designer,Operations,Marketing,Sales,Customer Service,Finance/Accounting,Data Science,Product Manager",4/23/20 19:20,No,2008,51 - 200,100
Gravity Sketch,United Kingdom,"Software Engineer,Designer,Marketing,Customer Service",4/23/20 19:20,No,2014,Nov-50,7
Grid Dynamics,California,Product Manager,4/17/20 18:51,No,2006,501 - 1000,474
Grifin,Florida,"Software Engineer,Designer,Marketing",4/23/20 19:20,No,2017,10-Jan,5
Grifols,California,Operation,4/17/20 18:51,No,1940,10001+,4096
Gtmhub,Colorado,"Software Engineer,Marketing,Sales",4/23/20 19:20,No,2015,Nov-50,10
Guidehouse,California,Operation,4/17/20 18:51,No,2005,201 - 500,70
Guru,Pennsylvania,HR,4/28/20 17:09,No,1995,501 - 1000,440
Gusto,New York,Software Engineer,4/24/20 16:18,No,2011,51 - 200,32
Hackensack Meridian Health,California,HR,4/17/20 18:51,No,2016,1001 - 5000,978
Hackerone,California,Marketing,4/23/20 19:20,No,2012,501 - 1000,259
Haemonetics,California,HR,4/17/20 18:51,No,1971,1001 - 5000,1126
Happy Elements,California,Product Manager,4/17/20 18:51,No,2009,201 - 500,116
Harley-Davidson Motor Company,Wisconsin,Product Manager,4/17/20 18:51,No,1903,5001 - 10000,4323
Hatch,California,"Software Engineer,Product Manager",4/8/20 5:01,No,1955,5001 - 10000,4157
Haus,California,Software Engineer,4/19/20 22:15,No,2015,501 - 1000,188
Haven Life,New York,Product Designer,4/16/20 15:53,No,2014,51 - 200,57
Hawthorne,New York,Software Engineer,4/24/20 16:18,No,1986,51 - 200,71
Headspace,California,"Software Engineer,Marketing,Sales",4/23/20 19:20,No,2006,1001 - 5000,607
Headway,New York,"Software Engineer,Operations,Marketing,Sales,Product Manager",4/23/20 19:20,No,1979,51 - 200,41
Health Gorilla,California,"Customer Service,Operations,Sales,Operation,Software Engineer",4/18/20 20:53,No,2011,Nov-50,8
Healthline Media,Washington,HR,4/17/20 18:51,No,2001,201 - 500,236
Hearst Magazines,New York,Product Manager,4/17/20 10:01,No,1903,1001 - 5000,1508
Hedera Hashgraph,Texas,Software Engineer,4/18/20 14:24,No,2016,51 - 200,26
Helpshift,California,"Operations,Marketing,Sales",4/23/20 19:20,No,2011,51 - 200,95
Hexawise,North Carolina,"Marketing,Sales,Customer Service",4/23/20 19:20,No,2009,Nov-50,6
Highspot,Washington,Software Engineer,4/8/20 0:08,No,2012,51 - 200,89
Hippo,California,Software Engineer,4/8/20 5:02,No,1999,51 - 200,33
Hive,California,Product Manager,4/17/20 18:51,No,2008,51 - 200,53
Hiya,Washington,"Software Engineer,Marketing,Sales,Product Manager",4/23/20 19:20,No,2016,10-Jan,3
Holler,Pennsylvania,HR,4/17/20 18:51,No,2001,51 - 200,34
Home Depot,US,Finance/Accounting,4/17/20 18:51,No,1978,10001+,9756
Houzz,California,Product Manager,4/21/20 19:06,No,2009,1001 - 5000,1468
Hungryroot,New York,"Marketing,Customer Service,Data Science,Finance/Accounting",4/23/20 19:20,No,2015,Nov-50,15
Hyland,Washington,Operation,4/17/20 18:51,No,1991,1001 - 5000,1957
Hyperscience,New York,"Software Engineer,Operations,Marketing,Sales,Customer Service,Product Manager",4/23/20 19:20,No,2014,51 - 200,38
Híbrido,Brazil,Software Engineer,4/8/20 5:04,No,2013,Nov-50,11
Illumina,California,Software Engineer,4/23/20 19:20,No,1998,5001 - 10000,3685
Imply,"California, New York","Software Engineer,Product Manager,Marketing",4/8/20 5:06,No,2015,Nov-50,18
Impossible Foods,Florida,HR,4/17/20 18:51,No,2011,201 - 500,193
Infinera,New York,Customer Service,4/17/20 18:51,No,2001,1001 - 5000,1247
Ingenio,California,Product Manager,4/17/20 18:51,No,1999,51 - 200,59
Innovation Department,"New York, NY",Marketing,4/9/20 15:20,No,2014,Nov-50,15
Insight Recruiting,"San Mateo, CA, US",HR,4/17/20 18:51,No,2002,10-Jan,4
Instabase,"New York, California, Massachusetts","Software Engineer,HR",4/8/20 7:26,Yes,2015,Nov-50,6
Instacart,California,Legal,4/8/20 3:38,No,2012,1001 - 5000,872
Instagram,California,Operation,4/17/20 18:51,No,2010,1001 - 5000,1937
Instrumental,California,Software Engineer,4/7/20 21:25,No,2015,10-Jan,2
Integral!,California,Legal,4/16/20 5:22,No,1993,10-Jan,1
Inteliquent,California,Customer Service,4/17/20 18:51,No,2004,201 - 500,207
Intellipro Group Inc,California,HR,4/17/20 18:51,No,2009,51 - 200,72
Intuit,California,Product Manager,4/7/20 22:32,Yes,1983,10001+,7358
Intuitive Technology Group,Minnesota,Marketing,4/17/20 18:51,No,2006,Nov-50,21
Iterable,"California, Colorado, New York","Software Engineer,Finance/Accounting,Product Manager",4/8/20 0:11,No,2013,51 - 200,87
J.P. Morgan,Washington D.C.,Operation,4/16/20 5:13,No,2000,10001+,37431
"Johanna Foods, Inc.",New Jersey,Operation,4/17/20 18:51,No,1995,51 - 200,78
Joonko,Israel,Software Engineer,4/8/20 23:01,No,2016,Nov-50,6
Journey Meditation,New York,"Software Engineer,Product Manager",4/23/20 19:20,No,2015,Nov-50,23
Jumprope,New York,Software Engineer,4/17/20 9:56,No,2017,10-Jan,3
Jungle Scout,Texas,Product Manager,4/17/20 18:51,No,2015,51 - 200,35
Juniper Square,California,"Finance/Accounting,Business/Strategy,Sales,Customer Service,Software Engineer,Marketing,Product Designer,Product Manager,Consulting",4/8/20 1:08,No,2014,51 - 200,35
Jupiter,California,Software Engineer,4/23/20 19:20,No,2005,51 - 200,25
Jyve,California,"Software Engineer,Designer,Marketing,Data Science,Legal",4/23/20 19:20,No,2015,Nov-50,6
Kaiser Permanente,California,Legal,4/8/20 3:26,No,1945,10001+,65839
"Kane Is Able, Inc.",Pennsylvania,Operation,4/17/20 18:51,No,1930,201 - 500,184
Kanopy,California,"Software Engineer,Marketing,Sales,Product Manager",4/23/20 19:20,No,2008,Nov-50,18
Kargo,New York,Product Manager,4/17/20 18:51,No,2003,201 - 500,221
Kavaliro,California,HR,4/17/20 18:51,No,2010,51 - 200,77
Kemper,Washington,HR,4/17/20 18:51,No,1990,1001 - 5000,1445
Kensho,"Massachusetts, NY",Software Engineer,4/9/20 14:35,No,2008,Nov-50,6
Kerwin Associates,California,Operation,4/17/20 18:51,No,1989,10-Jan,3
Khan Academy,Remote,Software Engineer,4/7/20 22:55,Yes,2006,501 - 1000,286
Kinect,Washington D.C.,HR,4/17/20 18:51,No,2015,Nov-50,9
Kitty Hawk,California,HR,4/17/20 18:51,No,2015,201 - 500,105
Koan,Oregon,"Marketing,Customer Service",4/23/20 19:20,No,2016,10-Jan,3
Kustomer,New York,"Software Engineer,Operations",4/23/20 19:20,No,2015,51 - 200,41
Kuvio Creative,Remote,"Marketing,Sales",4/23/20 19:20,No,2015,Nov-50,8
Labelbox,California,Software Engineer,4/23/20 19:20,No,2017,10-Jan,4
Ladder,California,"Software Engineer,Operations,Marketing",4/23/20 19:20,No,2015,Nov-50,12
Lambda Labs,California,"Software Engineer,Designer,Marketing,Sales",4/23/20 19:20,No,2012,Nov-50,8
Lattice,California,"Software Engineer,Designer,Operations,Product Manager",4/23/20 19:20,No,2015,51 - 200,30
Level,California,Marketing,4/16/20 6:24,No,1986,51 - 200,39
Life360,California,Product Manager,4/17/20 10:01,No,2008,51 - 200,48
Liftoff,California,"Data Science,Software Engineer,Product Manager,Finance/Accounting,HR,Sales,Marketing,Designer,Operations",4/8/20 7:17,No,1996,10-Jan,1
Lightstep,California,"Software Engineer,Marketing,Sales,Customer Service,Product Manager",4/23/20 19:20,No,2015,51 - 200,34
Lilt,California,"Software Engineer,Product Manager,Sales,Marketing,Operations,Data Science,Product Designer,Business/Strategy,Other",4/8/20 6:54,No,2015,Nov-50,18
Lively,New York,"Software Engineer,Designer,Operations,Marketing,Finance/Accounting",4/23/20 19:20,No,2012,10-Jan,5
Lob,California,"Software Engineer,Designer,Product Manager",4/23/20 19:20,No,2013,51 - 200,63
Lockheed Martin,California,"Hardware Engineer,HR,Software Engineer",4/8/20 6:53,Yes,1912,10001+,50303
Loom,California,"Software Engineer,Designer,Operations,Marketing,Sales,Data Science",4/23/20 19:20,No,2015,Nov-50,12
Lucid Motors,California,"Software Engineer,Hardware Engineer,Designer,Operations,Marketing,Sales,Customer Service,Data Science,Product Manager,Finance/Accounting",4/23/20 19:20,No,2007,201 - 500,145
Lyft,California,Product Manager,4/17/20 10:00,Yes,2012,10001+,6594
Major League Baseball,Colorado,Product Manager,4/17/20 18:51,No,1869,1001 - 5000,1555
Marlo,Texas,"Software Engineer,Designer",4/23/20 19:20,No,2018,10-Jan,1
Marvel Consultants,California,HR,4/17/20 18:51,No,1973,Nov-50,18
Marvel Marketers,US,Marketing,4/17/20 10:00,No,2013,Nov-50,17
Mastech Digital,California,Operation,4/16/20 5:01,No,1986,501 - 1000,496
Mastercard,Deleware,Data Science,4/16/20 6:22,Yes,1966,10001+,9974
Masterclass,California,Product Manager,4/23/20 19:20,No,2015,201 - 500,113
Maxar Technologies,California,Business/Strategy,4/17/20 18:51,No,1969,51 - 200,57
Maxim Integrated,California,Business/Strategy,4/16/20 6:13,No,1983,5001 - 10000,4087
Medallia,New York,"Business/Strategy,Sales",4/24/20 16:18,No,2001,1001 - 5000,868
Mednet,New York,Software Engineer,4/17/20 10:00,No,1992,51 - 200,44
Meraki,"California, Illinois, Texas","Software Engineer,Data Science,HR,Finance/Accounting,Sales,Marketing,Hardware Engineer,Operations",4/8/20 6:49,No,2011,Nov-50,5
Mercury,California,"Designer,Operations,Marketing,Customer Service",4/23/20 19:20,No,1999,501 - 1000,269
Meredith Corporation,New York,Product Manager,4/17/20 18:51,No,1902,1001 - 5000,2179
Messari,New York,Software Engineer,4/8/20 6:48,No,2018,Nov-50,12
Michael Page,Georgia,Operation,4/17/20 18:51,No,1976,10001+,5568
Microsoft,Washington,Software Engineer,4/7/20 22:55,Yes,1975,10001+,116196
Mighty,New York,"Designer,Operations,Marketing,Sales,Product Manager,Finance/Accounting",4/23/20 19:20,No,2010,Nov-50,18
Miro,California,"Operations,Marketing,Sales,Customer Service,Finance/Accounting,Product Manager",4/23/20 19:20,No,2000,51 - 200,66
Mission Bio,Missouri,HR,4/17/20 18:51,No,2014,51 - 200,27
Mission Foods,California,HR,4/17/20 18:51,No,1977,1001 - 5000,868
Modern Energy,North Carolina,Finance/Accounting,4/8/20 1:17,No,2012,10-Jan,4
Modern Fertility,California,"Software Engineer,Designer,Marketing",4/23/20 19:20,No,2017,Nov-50,7
Modern Health,California,"Software Engineer,Marketing,Sales,Customer Service,Product Manager,Legal",4/23/20 19:20,No,2017,Nov-50,6
Mondo,New Jersey,Marketing,4/17/20 9:56,No,2000,201 - 500,232
Morgan Stanley,US,Finance/Accounting,4/7/20 22:55,Yes,1935,10001+,44799
Mosaic,California,HR,4/17/20 18:51,No,1913,1001 - 5000,1167
Motion Picture Association,California,Operation,4/17/20 18:51,No,1922,10-Jan,1
Movement Search & Delivery,Oregon,HR,4/17/20 18:51,No,2009,51 - 200,40
Mozilla,Remote,"Product Manager,Software Engineer,Data Science,Designer,Finance/Accounting,HR,Marketing,Legal,Other,Business/Strategy,Product Designer",4/12/20 1:38,Yes,2005,1001 - 5000,1301
Nacelle,Remote,Software Engineer,4/10/20 14:17,No,2009,10-Jan,2
Narmi,"New York, Remote",Software Engineer,4/24/20 16:18,No,2016,10-Jan,1
Neon,Canada,Sales,4/8/20 12:30,No,2016,201 - 500,126
Nerdwallet,California,"Product Manager,Marketing",4/8/20 0:13,No,2009,201 - 500,246
Netflix,California,Marketing,4/16/20 4:58,No,1997,5001 - 10000,4949
New England Legal Search,Minnesota,Operation,4/17/20 18:51,No,1982,10-Jan,4
"New Relic, Inc.",New Jersey,Operation,4/17/20 18:51,No,2008,1001 - 5000,859
New York Life Insurance Company,New York,Software Engineer,4/24/20 16:18,No,1845,10001+,18438
New York Times,New York,Data Science,4/8/20 1:04,Yes,1851,Nov-50,19
Newsela,New York,"Product Designer,Marketing",4/8/20 6:44,No,2013,201 - 500,164
Nextdoor,"California, New York","Business/Strategy,Customer Service,Data Science,Designer,Product Designer,Software Engineer,Finance/Accounting,Marketing,Product Manager,Sales",4/8/20 4:05,Yes,2010,201 - 500,206
Nexteer Automotive,Washington,Operation,4/17/20 18:51,No,1906,5001 - 10000,2664
Nomad Health,New York,"Software Engineer,Operations,Marketing,Product Manager,Finance/Accounting",4/23/20 19:20,No,2015,10-Jan,1
Noom,New York,Marketing,4/24/20 16:18,No,2008,Nov-50,5
Noom Inc.,New York,Marketing,4/16/20 4:58,No,2008,201 - 500,130
Northrop Grumman,Utah,Hardware Engineer,4/22/20 15:58,Yes,1994,10-Jan,2
Northwestern Mutual,Wisconsin,Software Engineer,4/8/20 1:05,Yes,1857,10001+,19406
Notion,California,"Customer Service,Designer,Marketing,Product Designer,HR,Sales,Software Engineer,Product Manager",4/8/20 3:57,No,2016,Nov-50,17
Nova Credit,California,"Software Engineer,Operations,Marketing,Customer Service,Finance/Accounting",4/23/20 19:20,No,2015,Nov-50,13
Nu Skin,Utah,"Sales,Marketing,Finance/Accounting",4/28/20 17:25,No,1984,201 - 500,162
Nuro,California,"Finance/Accounting,Legal,Product Designer,Product Manager",4/8/20 6:42,No,2016,51 - 200,76
Nvidia,"Washington, New York, Colorado, California, Texas, Oregon, Remote","Software Engineer,Sales,HR,Operations,Finance/Accounting,Other,Legal,IT",4/8/20 4:30,Yes,1993,10001+,7402
Nylas,"California, New York","Customer Service,Software Engineer,Marketing,Sales",4/8/20 6:40,No,2013,Nov-50,24
Okcupid,New York,Software Engineer,4/7/20 19:41,No,2003,51 - 200,55
"Okta, Inc.",Utah,Operation,4/16/20 6:30,No,2009,1001 - 5000,824
Omada Health,California,"Software Engineer,Sales,Product Manager,Operations,Product Designer",4/21/20 16:10,No,2011,201 - 500,194
Omni Family Health,Tennessee,Operation,4/17/20 18:51,No,1978,51 - 200,36
One Degree,Remote,Software Engineer,4/23/20 19:20,No,2006,Nov-50,4
Onramp,New York,Software Engineer,4/24/20 16:18,No,1994,51 - 200,58
Optimun Media Direction,California,Operation,4/17/20 18:51,No,1989,10-Jan,2
Oracle,Oklahoma,Product Manager,4/17/20 18:51,Yes,1977,10001+,85090
Orchard,New York,"Software Engineer,Designer,Marketing",4/23/20 19:20,No,1992,51 - 200,79
Osmosis,Remote,"Operations,Marketing,Sales,Finance/Accounting",4/23/20 19:20,No,2011,Nov-50,7
Otis,New York,Marketing,4/17/20 18:51,No,2017,10-Jan,1
Outreach,Washington,Marketing,4/16/20 6:15,No,2010,Nov-50,14
Outsystems,Massachusetts,Finance/Accounting,4/17/20 18:51,No,2001,1001 - 5000,599
Pager,New York,Software Engineer,4/9/20 15:42,No,2014,51 - 200,60
Paige,New York,Software Engineer,4/24/20 16:18,No,2018,10-Jan,1
Palantir,"New York, California, Washington, Washington D.C.","Other,Business/Strategy,Finance/Accounting,Software Engineer,Legal",4/8/20 4:46,Yes,2002,201 - 500,121
Panzura,West Virginia,Operation,4/17/20 18:51,No,2008,51 - 200,65
Paradigm,Illinois,Customer Service,4/17/20 18:51,No,1992,501 - 1000,444
Parallel Domain,California,Software Engineer,4/23/20 19:20,No,2017,10-Jan,4
Parity Technologies,Germany,"Software Engineer,Operations",4/23/20 19:20,No,2015,Nov-50,19
Particle Health,New York,Software Engineer,4/17/20 10:00,No,2017,10-Jan,1
Patreon,California,"Software Engineer,Marketing",4/8/20 5:48,No,2013,201 - 500,137
Peloton,New York,Software Engineer,4/24/20 16:18,Yes,1991,51 - 200,56
Peter Millar,North Carolina,Marketing,4/16/20 6:12,No,2001,201 - 500,173
Phaidon International,New York,HR,4/17/20 18:51,No,2004,201 - 500,141
Philo,California,"Software Engineer,Designer,Marketing",4/23/20 19:20,No,2011,51 - 200,27
Pinterest,"California, Washington, Illinois, New York","Finance/Accounting,Business/Strategy,IT,HR,Software Engineer,Marketing,Sales,Product Manager,Other,Legal,Designer",4/8/20 4:17,Yes,2010,1001 - 5000,1307
Pinwheel,New York,Software Engineer,4/24/20 16:18,No,2016,Nov-50,7
Plaid,California,"Software Engineer,Designer,Operations,Marketing,Sales,Finance/Accounting,Product Manager",4/23/20 19:20,Yes,2012,51 - 200,100
Plum,India,"Software Engineer,Designer,Data Science",4/23/20 19:20,No,1998,201 - 500,103
"Plume Design, Inc",California,Product Manager,4/17/20 18:51,No,2015,51 - 200,58
Populus Group,Maryland,HR,4/17/20 18:51,No,2002,501 - 1000,327
Postman,California,Marketing,4/17/20 9:54,No,2014,Nov-50,9
Postmates,California,Finance/Accounting,4/8/20 0:32,No,2011,1001 - 5000,1144
Pratt Institute,Connecticut,Operation,4/17/20 18:51,No,1887,1001 - 5000,1476
Premera Blue Cross,Florida,HR,4/17/20 18:51,No,1933,1001 - 5000,1737
Premier Group,California,Operation,4/17/20 18:51,No,1971,51 - 200,57
Procter & Gamble,Arkansas,Marketing,4/16/20 5:07,No,1837,10001+,40562
Project Ronin,California,Software Engineer,4/23/20 19:20,No,2018,Nov-50,8
Proofpoint,California,Software Engineer,4/22/20 16:07,Yes,2002,1001 - 5000,1251
Propel,New York,Sales,4/8/20 1:04,No,2009,Nov-50,14
Protocol Labs,Remote,Software Engineer,4/21/20 13:04,No,2014,Nov-50,23
Public Consulting Group,Arizona,Business/Strategy,4/17/20 10:01,No,1986,1001 - 5000,1152
Pure Storage,"California, Washington D.C., Texas, Georgia, Washington, New York, Illinois, Ohio, Utah","Business/Strategy,Software Engineer,Sales,Other,Finance/Accounting,Legal,Marketing,Customer Service,Operations,HR",4/8/20 4:40,Yes,2009,1001 - 5000,1457
"Qbrics, Inc",Colorado,"Designer,Marketing",4/23/20 19:20,No,2017,10-Jan,1
Qualia,California,"Software Engineer,Designer,Product Manager",4/23/20 19:20,No,2015,51 - 200,73
Qualio,California,"Marketing,Sales",4/23/20 19:20,No,2012,Nov-50,6
Qualtrics,New York,Customer Service,4/24/20 16:18,Yes,2002,1001 - 5000,1379
Quicken Loans,Michigan,"Data Science,Software Engineer,Operations,IT",4/19/20 12:51,Yes,1985,10001+,6894
Quotient Technology Inc.,Oregon,Operation,4/17/20 18:51,No,1998,501 - 1000,452
"R2 Technologies, Inc.",Illinois,HR,4/17/20 18:51,No,1997,Nov-50,10
Rakuten Europe,California,HR,4/17/20 18:51,No,1997,51 - 200,17
Ramp,New York,Software Engineer,4/17/20 10:00,No,2019,51 - 200,43
Randstad Sourceright,California,HR,4/17/20 18:51,No,2001,1001 - 5000,1215
Red Hat,Virginia,"IT,Sales,Software Engineer,Consulting,Data Science",4/15/20 22:24,No,1993,10001+,7609
Redis Labs,California,Operation,4/17/20 18:51,No,2011,201 - 500,104
Reed Business Information - Catch,California,Customer Service,4/17/20 18:51,No,1918,10-Jan,1
Remind,California,"Software Engineer,Designer,Operations,Marketing,Customer Service,Finance/Accounting,Finance/Accounting/Accounting",4/23/20 19:20,No,2011,51 - 200,55
Render,California,Software Engineer,4/23/20 19:20,No,2010,Nov-50,11
Renzoe Box,Texas,"Software Engineer,Designer,Operations,Marketing,Sales,Customer Service",4/23/20 19:20,No,2016,10-Jan,2
Resilia,California,Software Engineer,4/7/20 19:41,No,2011,10-Jan,3
Retool,California,"Software Engineer,Designer,Marketing",4/8/20 1:12,No,2016,10-Jan,1
Revel,California,Software Engineer,4/23/20 19:20,No,2006,51 - 200,35
Revolution Foods,Florida,Legal,4/17/20 18:51,No,2006,201 - 500,190
Rheaply,Illinois,Software Engineer,4/23/20 19:20,No,2015,10-Jan,3
Ribbon Health,New York,"Software Engineer,Operations,Marketing,Data Science,Product Manager",4/23/20 19:20,Yes,2016,10-Jan,2
Ridgeline,California,Software Engineer,4/23/20 19:20,No,2019,Nov-50,4
Rightway Healthcare,New York,Marketing,4/17/20 18:51,No,2017,10-Jan,4
Rimeto,California,"Software Engineer,Designer,Operations,Product Manager",4/23/20 19:20,No,2016,Nov-50,7
Rippling,New Jersey,Business/Strategy,4/17/20 18:51,No,2016,Nov-50,15
Robinhood,"California, Tennessee","Business/Strategy,Marketing,Customer Service,Designer,Product Designer,Software Engineer,Finance/Accounting,Data Science,Operation",4/8/20 4:00,Yes,2012,201 - 500,159
Roblox,California,Software Engineer,4/7/20 21:36,Yes,2006,501 - 1000,389
Roche,California,Legal,4/16/20 5:01,No,1896,10001+,34844
"Ross Stores, Inc.",California,HR,4/17/20 18:51,No,1957,10001+,7522
Salesforce,"California, Georgia, Massachusetts","Business/Strategy,Operations",4/8/20 1:14,Yes,1999,10001+,20885
Samsung Electronics America,Oregon,Operation,4/17/20 9:56,No,1938,5001 - 10000,2828
San Dimas Community Hospital,Missouri,HR,4/17/20 18:51,No,1971,Nov-50,7
San Jose State University,California,HR,4/17/20 18:51,No,1857,5001 - 10000,3874
Satwic Inc,Oregon,Operation,4/17/20 18:51,No,2000,51 - 200,37
Schneider Downs,"Ohio, Pennsylvania",Finance/Accounting,4/20/20 14:08,No,1956,501 - 1000,403
Second Measure,New York,Software Engineer,4/16/20 5:28,No,2015,Nov-50,21
Segment,"California, New York, Colorado","Customer Service,Product Designer,Software Engineer,Finance/Accounting,Marketing,HR,Business/Strategy,IT,Operation",4/8/20 6:04,No,2012,201 - 500,201
Sensor Tower,California,"Software Engineer,Marketing,Sales,Customer Service,Data Science,Product Manager",4/23/20 19:20,No,2012,51 - 200,33
Sentry,"California, Wisconsin",Product Designer,4/8/20 1:15,No,2017,Nov-50,9
Sequoia,Illinois,Operation,4/16/20 5:28,No,2007,Nov-50,14
Sequoia Consulting Group,"California, Arizona","Marketing,Operations,Data Science",4/8/20 1:14,No,2001,201 - 500,207
Serial Box,Remote,Marketing,4/24/20 16:18,No,2015,10-Jan,5
Shakepay,Canada,"Software Engineer,Designer,Operations,Marketing,Finance/Accounting",4/23/20 19:20,No,2015,10-Jan,3
Shift,California,"Product Manager,Software Engineer,Legal,HR",4/21/20 22:17,No,1995,51 - 200,52
"Shift Technologies, Inc.",California,Product Manager,4/17/20 18:51,No,2013,201 - 500,120
"Shimento, Inc.",California,Marketing,4/17/20 10:00,No,2006,Nov-50,16
Shipt,"California, Alabama","Marketing,Operations,Product Manager,Software Engineer,Data Science,Business/Strategy",4/9/20 0:14,No,2014,1001 - 5000,634
"Shutterfly, Inc.",California,Marketing,4/17/20 10:00,No,1999,1001 - 5000,1158
Side,California,Product Manager,4/17/20 18:51,No,1974,51 - 200,49
Silicon Valley Bank,"California, Arizona","Software Engineer,Product Manager,Data Science",4/9/20 14:17,No,1983,1001 - 5000,1697
Silvi Group Companies,Ohio,Data Science,4/17/20 10:00,No,1947,51 - 200,33
Similarweb,New York,"Software Engineer,Legal,Product Manager",4/9/20 0:15,No,2007,501 - 1000,311
Sisu Data,California,"Software Engineer,Designer,Product Manager",4/23/20 19:20,No,2018,Nov-50,4
Skydio,California,"Software Engineer,Hardware Engineer,Operations",4/23/20 19:20,No,2014,51 - 200,47
Skylight Financial Group,California,HR,4/17/20 18:51,No,2017,201 - 500,135
Slack,US,Marketing,4/7/20 22:55,Yes,2009,1001 - 5000,788
Smartcar,California,"Software Engineer,Marketing,Sales",4/23/20 19:20,No,1996,10-Jan,4
Smartsheet,Washington,Finance/Accounting,4/17/20 18:51,No,2005,1001 - 5000,658
Snap,California,Software Engineer,4/24/20 23:41,Yes,1966,51 - 200,47
Snapchat,Washington,Software Engineer,4/7/20 22:43,No,2011,Nov-50,7
Softworld,New York,Customer Service,4/17/20 18:51,No,1993,201 - 500,123
Solar Winds,Texas,Customer Service,4/17/20 18:51,No,2010,10-Jan,1
Sparrow,California,"Software Engineer,Operations,Marketing,Sales",4/23/20 19:20,No,2002,201 - 500,70
Special Counsel,California,Operation,4/17/20 18:51,No,1987,1001 - 5000,537
Specialized Bicycle Components,New York,HR,4/17/20 18:51,No,1974,1001 - 5000,887
Spin,"California, Florida, Washington, Georgia, Maryland","Business/Strategy,Designer,Product Designer,Software Engineer,Data Science,Hardware Engineer,Finance/Accounting,Marketing,Operations,HR,Product Manager",4/8/20 4:14,No,2016,201 - 500,99
Split,California,Marketing,4/17/20 18:51,No,2015,51 - 200,27
Spoke,California,HR,4/16/20 5:45,No,2016,Nov-50,6
Spokeo,California,"Software Engineer,Designer,Marketing,Product Manager,Legal",4/23/20 19:20,No,2006,51 - 200,89
Spot,California,"Software Engineer,Designer,Operations,Marketing,Sales,Customer Service,Finance/Accounting,Data Science,Product Manager",4/23/20 19:20,No,1998,201 - 500,128
Spotify,New York,Software Engineer,4/7/20 19:41,No,2006,5001 - 10000,3022
Spreetail,Nebraska,Marketing,4/22/20 16:58,No,2006,201 - 500,196
Sqreen,California,"Software Engineer,Marketing,Sales",4/23/20 19:20,No,2015,Nov-50,17
Square,California,Product Manager,4/17/20 10:00,Yes,2009,1001 - 5000,1826
Squarespace,New York,"Product Manager,Software Engineer,Designer,Data Science",4/25/20 22:43,No,2004,1001 - 5000,605
Starbucks,Washington,Customer Service,4/17/20 10:01,Yes,1971,10001+,46523
Stash Wealth,North Carolina,"Operations,Marketing",4/23/20 19:20,No,2013,10-Jan,3
States Title,California,"Software Engineer,Designer,Operations,Finance/Accounting,Data Science",4/23/20 19:20,No,2016,Nov-50,17
Steadfast Companies,US,Other,4/22/20 17:57,No,1994,501 - 1000,274
Stealth Startup,California,HR,4/17/20 18:51,No,2018,51 - 200,36
Stella,New York,Software Engineer,4/24/20 16:18,No,2009,51 - 200,36
Stensul,New York,Software Engineer,4/17/20 10:00,No,2016,51 - 200,36
Step,California,"Software Engineer,Designer,Operations,Data Science",4/23/20 19:20,No,2016,51 - 200,51
Stockell Consulting,New Jersey,Customer Service,4/17/20 18:51,No,1980,51 - 200,41
Strategic Financial Solutions,New York,Software Engineer,4/16/20 5:13,No,1996,Nov-50,14
Stripe,"California, Illinois, New York, Washington","Business/Strategy,Customer Service,Data Science,Designer,Finance/Accounting,HR,Legal,Operations,Product Designer,Product Manager,Sales,Other,Software Engineer,Marketing,Hardware Engineer,IT",4/14/20 15:59,Yes,2010,1001 - 5000,715
Strivr,California,"Software Engineer,Designer,Operations,Marketing,Customer Service,Finance/Accounting,Data Science,Product Manager",4/23/20 19:20,No,2015,51 - 200,52
Summer,New York,"Software Engineer,Finance/Accounting,Data Science",4/23/20 19:20,No,2017,Nov-50,8
Surgent,Colorado,Customer Service,4/17/20 18:51,No,1985,51 - 200,60
Swogo,Portugal,"Software Engineer,Designer,Marketing,Sales,Customer Service",4/23/20 19:20,No,2012,Nov-50,13
Swoon,Illinois,IT,4/13/20 12:20,No,2012,Nov-50,7
Swoop,California,Software Engineer,4/22/20 13:40,No,2017,51 - 200,46
System One,Illinois,HR,4/17/20 18:51,No,2001,1001 - 5000,525
T-Mobile,"Washington, New York, California","Sales,Software Engineer,Product Manager,Marketing",4/9/20 0:18,No,2002,10001+,30100
T. Rowe Price,Maryland,"Marketing,Business/Strategy",4/17/20 17:23,No,1937,5001 - 10000,4991
Tableau Software,California,HR,4/17/20 18:51,No,2003,5001 - 10000,2543
Tailwind,Oklahoma,"Software Engineer,Designer,Marketing",4/23/20 19:20,No,2012,Nov-50,21
Talend,California,HR,4/17/20 18:51,Yes,2005,1001 - 5000,596
Tapjoy,California,Data Science,4/7/20 22:36,No,2007,201 - 500,140
"Tapjoy, Inc.",California,Legal,4/8/20 3:33,No,2007,10-Jan,2
"Techaxis, Inc",North Carolina,HR,4/17/20 18:51,No,2007,51 - 200,31
Teledyne Marine,Massachusetts,Operation,4/17/20 18:51,No,1962,51 - 200,65
Teleport,Remote,Software Engineer,4/23/20 19:20,No,2013,10-Jan,3
Tencent,California,Marketing,4/16/20 6:07,No,1998,10001+,37574
Tesla,California,HR,4/17/20 18:51,Yes,2003,10001+,12641
The Athletic,California,Product Manager,4/17/20 18:51,No,2016,201 - 500,129
The Chartis Group,Illinois,"Consulting,Finance/Accounting",4/22/20 15:16,No,2001,201 - 500,232
The Execu|Search Group,Arizona,HR,4/17/20 18:51,No,1985,501 - 1000,316
The Judge Group,California,Software Engineer,4/7/20 19:41,No,1970,1001 - 5000,742
The Kraft Heinz Company,California,HR,4/17/20 18:51,No,2015,10001+,8898
The Meta,California,Software Engineer,4/23/20 19:20,No,2017,10-Jan,3
The Mom Project,California,Operation,4/16/20 5:20,No,2015,Nov-50,21
The Orchard,New York,Product Manager,4/17/20 18:51,No,1997,501 - 1000,341
The Sage Group,California,Customer Service,4/17/20 10:00,No,1988,51 - 200,36
The Sage Group (Bay Area),California,Marketing,4/17/20 18:51,No,2003,Nov-50,24
The Spike Lab,New York,"Marketing,Sales,Customer Service",4/23/20 19:20,No,2016,10-Jan,2
The Zebra,Texas,"Software Engineer,Designer",4/23/20 19:20,No,2012,51 - 200,69
Themesoft Inc.,California,HR,4/17/20 18:51,No,2004,51 - 200,90
Thirstysprout,Washington,"Consulting,Software Engineer",4/8/20 18:05,No,2015,10-Jan,4
Thistle,California,Product Manager,4/17/20 18:51,No,2013,51 - 200,37
Three Pillars Recruiting,California,Marketing,4/17/20 18:51,No,2008,51 - 200,36
Tinder,California,Product Manager,4/8/20 0:04,Yes,2007,Nov-50,8
Tonkean,California,"Software Engineer,Designer,Operations,Marketing,Sales,Customer Service,Finance/Accounting",4/23/20 19:20,No,2015,Nov-50,7
Tot Squad,California,"Designer,Operations,Marketing,Product Manager",4/23/20 19:20,No,2010,Nov-50,6
Total Expert,Minnesota,"Software Engineer,Marketing,Sales,Customer Service,Product Manager",4/23/20 19:20,No,2012,201 - 500,108
Tovala,Illinois,"Software Engineer,Designer,Operations,Marketing,Finance/Accounting,Product Manager",4/23/20 19:20,No,2015,51 - 200,17
Treasury Wine Estates,California,HR,4/17/20 18:51,No,2011,1001 - 5000,1420
Tridiuum,Ohio,Customer Service,4/17/20 18:51,No,1997,Nov-50,8
Trifacta,California,Product Designer,4/24/20 0:57,No,2012,51 - 200,94
Trim,California,Business/Strategy,4/17/20 18:51,No,2006,Nov-50,22
Trinet,"North Carolina, Illinois, Florida, California, New Jersey, Washington, Massachusetts, Texas","Sales,Software Engineer",4/9/20 0:40,No,1988,1001 - 5000,2243
Triplebyte,Remote,"Software Engineer,Data Science",4/23/20 19:20,No,2015,Nov-50,25
Truebill,California,Marketing,4/12/20 19:08,No,2015,Nov-50,12
Tubi,California,Product Manager,4/17/20 18:51,No,2014,51 - 200,56
Twilio Inc.,California,Marketing,4/16/20 5:07,No,2008,1001 - 5000,689
Twist Bioscience,California,Operation,4/16/20 5:01,No,2013,201 - 500,141
Twitch,California,HR,4/17/20 18:51,Yes,2007,1001 - 5000,1646
Twitter,California,Hardware Engineer,4/17/20 14:42,Yes,2006,5001 - 10000,4813
Tyk,Remote,"Software Engineer,Designer,Marketing",4/23/20 19:20,No,2015,Nov-50,16
Typeform,Remote,"Software Engineer,Other,Marketing,HR,Product Designer,Data Science,Designer",4/9/20 0:11,No,1983,Nov-50,9
Uline,Illinois,HR,4/17/20 18:51,No,1980,1001 - 5000,1963
Unavailable,California,Operation,4/17/20 18:51,No,1984,501 - 1000,312
Unilever,California,HR,4/17/20 18:51,No,1872,10001+,58819
Unity,New York,Operations,4/8/20 0:28,Yes,1995,201 - 500,121
Unity Technologies,California,HR,4/17/20 18:51,No,2004,1001 - 5000,1177
Unqork,New York,"Software Engineer,Designer,Operations,Marketing,Sales,Customer Service,Data Science,Product Manager",4/23/20 19:20,No,2017,Nov-50,17
Unum,Georgia,HR,4/17/20 18:51,No,1848,10001+,5259
Upswing,Texas,"Software Engineer,Operations,Data Science",4/23/20 19:20,No,2004,Nov-50,10
Upwork,California,"Sales,Finance/Accounting",4/8/20 0:02,No,2015,10001+,15693
V3 Talent Partners Inc.,California,HR,4/17/20 18:51,No,2018,10-Jan,2
Vanda Pharmaceuticals,Washington D.C.,Marketing,4/17/20 10:01,No,2003,201 - 500,186
Vanta,California,"Sales,Software Engineer,Product Designer",4/23/20 14:43,No,1854,10-Jan,1
Veeva,California,Software Engineer,4/17/20 15:25,No,2007,Nov-50,11
Venmo,"California, New York",Marketing,4/7/20 22:38,No,2009,201 - 500,162
Verily,"California, Massachusetts",Hardware Engineer,4/8/20 1:02,No,2015,10-Jan,0
"Verism Systems, Inc",Arizona,Operation,4/17/20 18:51,No,2005,10-Jan,2
Verkada,California,"Marketing,Sales",4/23/20 19:20,No,2016,Nov-50,21
Vet2Tech,New Jersey,Operation,4/17/20 18:51,No,2012,Nov-50,10
Viacom,New York,Product Manager,4/17/20 18:51,No,1971,10001+,5535
"Viaduct, Inc.",California,"Software Engineer,Marketing,Data Science",4/23/20 19:20,No,2016,10-Jan,4
Viagogo,New York,"Business/Strategy,Software Engineer,Product Manager,IT,Data Science",4/15/20 12:49,No,2005,201 - 500,148
Vidoomy,Massachusetts,Customer Service,4/17/20 18:51,No,2017,10-Jan,2
Vimeo,New York,Product Manager,4/8/20 0:02,No,2004,501 - 1000,324
Vineti,California,"Software Engineer,Designer,Operations,Marketing,Product Manager",4/23/20 19:20,No,2016,51 - 200,43
Virtuance,California,Business/Strategy,4/17/20 18:51,No,2010,51 - 200,49
Visionairy Health,Massachusetts,"Software Engineer,Marketing,Sales",4/23/20 19:20,No,2017,10-Jan,1
Vital Proteins,California,Operation,4/17/20 18:51,No,2014,51 - 200,97
Walmart,California,Product Manager,4/28/20 17:07,Yes,1962,10001+,120753
Wantedly Singapore,Singapore,"Operations,Marketing,Sales",4/23/20 19:20,No,2010,10-Jan,1
Wayfair,Massachusetts,Software Engineer,4/8/20 0:35,No,2002,5001 - 10000,4379
Weee!,California,Product Manager,4/17/20 18:51,No,2015,Nov-50,8
Wells Fargo,Georgia,Operation,4/16/20 6:21,Yes,1852,10001+,109532
Wepay,California,Software Engineer,4/15/20 16:15,No,2008,201 - 500,149
Western Digital,California,Marketing,4/17/20 10:01,Yes,1970,10001+,6129
Westerra Credit Union,Alabama,Operation,4/17/20 18:51,No,1934,201 - 500,139
Whatsapp,California,Software Engineer,4/8/20 0:14,No,1983,51 - 200,47
Whitley Penn,Texas,Finance/Accounting,4/20/20 14:31,No,1983,501 - 1000,338
Wing,Washington D.C.,Legal,4/17/20 18:51,No,1979,51 - 200,66
"Wiser Solutions, Inc.",California,Product Manager,4/17/20 18:51,No,2012,51 - 200,83
Wish,California,Operation,4/17/20 9:56,Yes,2010,201 - 500,240
Wistia,Massachusetts,Marketing,4/16/20 5:13,No,2006,51 - 200,68
Wondery,California,Marketing,4/16/20 5:13,No,2016,Nov-50,20
Wonolo,California,"Operations,Marketing,Sales,Customer Service",4/23/20 19:20,No,2013,51 - 200,83
Workstream,California,Product Manager,4/23/20 19:20,No,2017,10-Jan,0
World Financial Group,US,"Business/Strategy,Finance/Accounting",4/19/20 14:45,No,1991,Nov-50,21
Woven,California,Marketing,4/16/20 5:07,No,2017,10-Jan,4
Wpromote,California,Software Engineer,4/23/20 19:20,No,2001,501 - 1000,287
"Xcalar, Inc.",New York,HR,4/17/20 18:51,No,2013,Nov-50,24
Yieldstreet,New York,Software Engineer,4/16/20 5:02,No,2015,51 - 200,31
Zendesk,"California, Wisconsin, New York, Oregon, Florida, ","Marketing,Designer,Sales,Other,Finance/Accounting,Legal,HR,Customer Service,Data Science,Business/Strategy",4/8/20 4:51,No,2007,1001 - 5000,1506
Zenex Partners,Pennsylvania,Customer Service,4/17/20 18:51,No,2003,Nov-50,22
Zennify,US,"Consulting,Software Engineer",4/14/20 23:07,No,2011,Nov-50,22
Zillow,"Washington, California, Arizona","Business/Strategy,Data Science,Finance/Accounting,IT,Software Engineer,Product Manager",4/15/20 16:44,Yes,2006,1001 - 5000,725
Zipari,New York,Software Engineer,4/24/20 16:18,No,2014,51 - 200,58
Zocdoc,New York,"Software Engineer,Designer,Operations,Marketing,Sales,Finance/Accounting,Product Manager",4/23/20 19:20,Yes,2007,501 - 1000,442
Zoom,"California, Colorado","Data Science,Product Manager,Marketing",4/7/20 22:38,Yes,2011,Nov-50,16
Zoom Video Communications,California,Product Manager,4/16/20 6:14,No,2011,1001 - 5000,631
Zulily,"Florida, Washington, Tennessee, Ohio, Pennsylvania, Virginia, Texas","Sales,Customer Service,Other,Product Designer,Software Engineer,IT",4/8/20 5:45,No,2009,1001 - 5000,1356
Zum,California,Finance/Accounting,4/7/20 21:33,No,2014,51 - 200,45
Zumper,"California, Arizona, Pennsylvania, Minnesota, Wisconsin, Texas, Oregon, Ohio","Designer,Marketing,Sales,Customer Service,Product Manager",4/23/20 19:20,No,2012,51 - 200,78
Zuora,California,Product Manager,4/17/20 18:51,No,2007,1001 - 5000,549
Zyper,California,"Marketing,Operation",4/17/20 9:56,No,2016,Nov-50,9